c8:aa:21:b0:53:c3,ft9,1330702529.31,Dropbox,00:0b:86:74:9a:80,-58
c8:aa:21:b0:53:c3,ft9,1330702529.31,Dropbox,00:0b:86:74:97:60,-65
c8:aa:21:b0:53:c3,ft9,1330702529.31,Dropbox,00:0b:86:74:97:90,-71
c8:aa:21:b0:53:c3,ft9,1330702529.31,Dropbox,00:0b:86:74:9a:90,-72
c8:aa:21:b0:53:c3,ft9,1330702529.31,Dropbox,00:0b:86:74:96:80,-73
c8:aa:21:b0:53:c3,ft9,1330702529.31,Dropbox,00:0b:86:74:99:b0,-91
c8:aa:21:b0:53:c3,ft9,1330702529.31,Dropbox,00:0b:86:74:95:e0,-96
c8:aa:21:b0:53:c3,ft9,1330702529.31,DropboxGuest,00:0b:86:74:9a:81,-52
c8:aa:21:b0:53:c3,ft9,1330702529.31,DropboxGuest,00:0b:86:74:97:61,-65
c8:aa:21:b0:53:c3,ft9,1330702529.31,DropboxGuest,00:0b:86:74:96:81,-69
c8:aa:21:b0:53:c3,ft9,1330702529.31,DropboxGuest,00:0b:86:74:97:91,-71
c8:aa:21:b0:53:c3,ft9,1330702529.31,DropboxGuest,00:0b:86:74:9a:91,-73
c8:aa:21:b0:53:c3,ft9,1330702529.31,DropboxGuest,00:0b:86:74:99:b1,-87
c8:aa:21:b0:53:c3,ft9,1330702531.17,Dropbox,00:0b:86:74:9a:80,-53
c8:aa:21:b0:53:c3,ft9,1330702531.17,Dropbox,00:0b:86:74:97:60,-63
c8:aa:21:b0:53:c3,ft9,1330702531.17,Dropbox,00:0b:86:74:96:80,-68
c8:aa:21:b0:53:c3,ft9,1330702531.17,Dropbox,00:0b:86:74:97:90,-70
c8:aa:21:b0:53:c3,ft9,1330702531.17,Dropbox,00:0b:86:74:9a:90,-73
c8:aa:21:b0:53:c3,ft9,1330702531.17,Dropbox,00:0b:86:74:99:b0,-95
c8:aa:21:b0:53:c3,ft9,1330702531.17,Dropbox,00:0b:86:74:9a:20,-95
c8:aa:21:b0:53:c3,ft9,1330702531.17,Dropbox,00:0b:86:74:95:e0,-96
c8:aa:21:b0:53:c3,ft9,1330702531.17,DropboxGuest,00:0b:86:74:9a:81,-53
c8:aa:21:b0:53:c3,ft9,1330702531.17,DropboxGuest,00:0b:86:74:97:61,-63
c8:aa:21:b0:53:c3,ft9,1330702531.17,DropboxGuest,00:0b:86:74:96:81,-69
c8:aa:21:b0:53:c3,ft9,1330702531.17,DropboxGuest,00:0b:86:74:97:91,-70
c8:aa:21:b0:53:c3,ft9,1330702531.17,DropboxGuest,00:0b:86:74:9a:91,-74
c8:aa:21:b0:53:c3,ft9,1330702531.17,DropboxGuest,00:0b:86:74:95:a1,-87
c8:aa:21:b0:53:c3,ft9,1330702531.17,DropboxGuest,00:0b:86:74:99:b1,-88
c8:aa:21:b0:53:c3,ft9,1330702532.74,Dropbox,00:0b:86:74:9a:80,-54
c8:aa:21:b0:53:c3,ft9,1330702532.74,Dropbox,00:0b:86:74:97:60,-63
c8:aa:21:b0:53:c3,ft9,1330702532.74,Dropbox,00:0b:86:74:96:80,-67
c8:aa:21:b0:53:c3,ft9,1330702532.74,Dropbox,00:0b:86:74:97:90,-70
c8:aa:21:b0:53:c3,ft9,1330702532.74,Dropbox,00:0b:86:74:9a:90,-71
c8:aa:21:b0:53:c3,ft9,1330702532.74,Dropbox,00:0b:86:74:9a:20,-95
c8:aa:21:b0:53:c3,ft9,1330702532.74,Dropbox,00:0b:86:74:99:b0,-95
c8:aa:21:b0:53:c3,ft9,1330702532.74,Dropbox,00:0b:86:74:95:e0,-96
c8:aa:21:b0:53:c3,ft9,1330702532.74,DropboxGuest,00:0b:86:74:9a:81,-53
c8:aa:21:b0:53:c3,ft9,1330702532.74,DropboxGuest,00:0b:86:74:97:61,-63
c8:aa:21:b0:53:c3,ft9,1330702532.74,DropboxGuest,00:0b:86:74:96:81,-68
c8:aa:21:b0:53:c3,ft9,1330702532.74,DropboxGuest,00:0b:86:74:9a:91,-72
c8:aa:21:b0:53:c3,ft9,1330702532.74,DropboxGuest,00:0b:86:74:97:91,-75
c8:aa:21:b0:53:c3,ft9,1330702532.74,DropboxGuest,00:0b:86:74:95:a1,-91
c8:aa:21:b0:53:c3,ft9,1330702532.74,DropboxGuest,00:0b:86:74:99:b1,-96
c8:aa:21:b0:53:c3,ft9,1330702534.31,Dropbox,00:0b:86:74:9a:80,-55
c8:aa:21:b0:53:c3,ft9,1330702534.31,Dropbox,00:0b:86:74:97:60,-63
c8:aa:21:b0:53:c3,ft9,1330702534.31,Dropbox,00:0b:86:74:9a:90,-69
c8:aa:21:b0:53:c3,ft9,1330702534.31,Dropbox,00:0b:86:74:96:80,-71
c8:aa:21:b0:53:c3,ft9,1330702534.31,Dropbox,00:0b:86:74:97:90,-71
c8:aa:21:b0:53:c3,ft9,1330702534.31,Dropbox,00:0b:86:74:95:a0,-91
c8:aa:21:b0:53:c3,ft9,1330702534.31,Dropbox,00:0b:86:74:99:b0,-93
c8:aa:21:b0:53:c3,ft9,1330702534.31,Dropbox,00:0b:86:74:9a:20,-95
c8:aa:21:b0:53:c3,ft9,1330702534.31,DropboxGuest,00:0b:86:74:9a:81,-55
c8:aa:21:b0:53:c3,ft9,1330702534.31,DropboxGuest,00:0b:86:74:97:61,-63
c8:aa:21:b0:53:c3,ft9,1330702534.31,DropboxGuest,00:0b:86:74:96:81,-68
c8:aa:21:b0:53:c3,ft9,1330702534.31,DropboxGuest,00:0b:86:74:9a:91,-70
c8:aa:21:b0:53:c3,ft9,1330702534.31,DropboxGuest,00:0b:86:74:97:91,-72
c8:aa:21:b0:53:c3,ft9,1330702534.31,DropboxGuest,00:0b:86:74:95:a1,-87
c8:aa:21:b0:53:c3,ft9,1330702534.31,DropboxGuest,00:0b:86:74:99:b1,-92
c8:aa:21:b0:53:c3,ft9,1330702535.96,Dropbox,00:0b:86:74:9a:80,-53
c8:aa:21:b0:53:c3,ft9,1330702535.96,Dropbox,00:0b:86:74:97:60,-63
c8:aa:21:b0:53:c3,ft9,1330702535.96,Dropbox,00:0b:86:74:9a:90,-69
c8:aa:21:b0:53:c3,ft9,1330702535.96,Dropbox,00:0b:86:74:96:80,-71
c8:aa:21:b0:53:c3,ft9,1330702535.96,Dropbox,00:0b:86:74:97:90,-71
c8:aa:21:b0:53:c3,ft9,1330702535.96,Dropbox,00:0b:86:74:95:a0,-91
c8:aa:21:b0:53:c3,ft9,1330702535.96,Dropbox,00:0b:86:74:99:b0,-93
c8:aa:21:b0:53:c3,ft9,1330702535.96,Dropbox,00:0b:86:74:9a:20,-95
c8:aa:21:b0:53:c3,ft9,1330702535.96,DropboxGuest,00:0b:86:74:9a:81,-54
c8:aa:21:b0:53:c3,ft9,1330702535.96,DropboxGuest,00:0b:86:74:97:61,-63
c8:aa:21:b0:53:c3,ft9,1330702535.96,DropboxGuest,00:0b:86:74:96:81,-67
c8:aa:21:b0:53:c3,ft9,1330702535.96,DropboxGuest,00:0b:86:74:9a:91,-70
c8:aa:21:b0:53:c3,ft9,1330702535.96,DropboxGuest,00:0b:86:74:97:91,-72
c8:aa:21:b0:53:c3,ft9,1330702535.96,DropboxGuest,00:0b:86:74:95:a1,-87
c8:aa:21:b0:53:c3,ft9,1330702535.96,DropboxGuest,00:0b:86:74:99:b1,-92
c8:aa:21:b0:53:c3,ft9,1330702537.69,Dropbox,00:0b:86:74:9a:80,-54
c8:aa:21:b0:53:c3,ft9,1330702537.69,Dropbox,00:0b:86:74:97:60,-64
c8:aa:21:b0:53:c3,ft9,1330702537.69,Dropbox,00:0b:86:74:9a:90,-70
c8:aa:21:b0:53:c3,ft9,1330702537.69,Dropbox,00:0b:86:74:97:90,-71
c8:aa:21:b0:53:c3,ft9,1330702537.69,Dropbox,00:0b:86:74:96:80,-71
c8:aa:21:b0:53:c3,ft9,1330702537.69,Dropbox,00:0b:86:74:95:a0,-91
c8:aa:21:b0:53:c3,ft9,1330702537.69,Dropbox,00:0b:86:74:99:b0,-96
c8:aa:21:b0:53:c3,ft9,1330702537.69,DropboxGuest,00:0b:86:74:9a:81,-55
c8:aa:21:b0:53:c3,ft9,1330702537.69,DropboxGuest,00:0b:86:74:97:61,-64
c8:aa:21:b0:53:c3,ft9,1330702537.69,DropboxGuest,00:0b:86:74:9a:91,-70
c8:aa:21:b0:53:c3,ft9,1330702537.69,DropboxGuest,00:0b:86:74:96:81,-71
c8:aa:21:b0:53:c3,ft9,1330702537.69,DropboxGuest,00:0b:86:74:97:91,-73
c8:aa:21:b0:53:c3,ft9,1330702537.69,DropboxGuest,00:0b:86:74:95:a1,-87
c8:aa:21:b0:53:c3,ft9,1330702537.69,DropboxGuest,00:0b:86:74:99:b1,-92
c8:aa:21:b0:53:c3,ft9,1330702539.39,Dropbox,00:0b:86:74:9a:80,-53
c8:aa:21:b0:53:c3,ft9,1330702539.39,Dropbox,00:0b:86:74:97:60,-63
c8:aa:21:b0:53:c3,ft9,1330702539.39,Dropbox,00:0b:86:74:96:80,-70
c8:aa:21:b0:53:c3,ft9,1330702539.39,Dropbox,00:0b:86:74:9a:90,-70
c8:aa:21:b0:53:c3,ft9,1330702539.39,Dropbox,00:0b:86:74:97:90,-73
c8:aa:21:b0:53:c3,ft9,1330702539.39,Dropbox,00:0b:86:74:95:a0,-91
c8:aa:21:b0:53:c3,ft9,1330702539.39,Dropbox,00:0b:86:74:99:b0,-96
c8:aa:21:b0:53:c3,ft9,1330702539.39,DropboxGuest,00:0b:86:74:9a:81,-52
c8:aa:21:b0:53:c3,ft9,1330702539.39,DropboxGuest,00:0b:86:74:97:61,-64
c8:aa:21:b0:53:c3,ft9,1330702539.39,DropboxGuest,00:0b:86:74:96:81,-71
c8:aa:21:b0:53:c3,ft9,1330702539.39,DropboxGuest,00:0b:86:74:9a:91,-72
c8:aa:21:b0:53:c3,ft9,1330702539.39,DropboxGuest,00:0b:86:74:97:91,-73
c8:aa:21:b0:53:c3,ft9,1330702539.39,DropboxGuest,00:0b:86:74:95:a1,-87
c8:aa:21:b0:53:c3,ft9,1330702539.39,DropboxGuest,00:0b:86:74:99:b1,-92
c8:aa:21:b0:53:c3,ft9,1330702541.06,Dropbox,00:0b:86:74:9a:80,-53
c8:aa:21:b0:53:c3,ft9,1330702541.06,Dropbox,00:0b:86:74:97:60,-63
c8:aa:21:b0:53:c3,ft9,1330702541.06,Dropbox,00:0b:86:74:96:80,-70
c8:aa:21:b0:53:c3,ft9,1330702541.06,Dropbox,00:0b:86:74:9a:90,-70
c8:aa:21:b0:53:c3,ft9,1330702541.06,Dropbox,00:0b:86:74:97:90,-73
c8:aa:21:b0:53:c3,ft9,1330702541.06,Dropbox,00:0b:86:74:95:a0,-91
c8:aa:21:b0:53:c3,ft9,1330702541.06,Dropbox,00:0b:86:74:99:b0,-91
c8:aa:21:b0:53:c3,ft9,1330702541.06,DropboxGuest,00:0b:86:74:9a:81,-52
c8:aa:21:b0:53:c3,ft9,1330702541.06,DropboxGuest,00:0b:86:74:97:61,-62
c8:aa:21:b0:53:c3,ft9,1330702541.06,DropboxGuest,00:0b:86:74:97:91,-70
c8:aa:21:b0:53:c3,ft9,1330702541.06,DropboxGuest,00:0b:86:74:96:81,-70
c8:aa:21:b0:53:c3,ft9,1330702541.06,DropboxGuest,00:0b:86:74:9a:91,-71
c8:aa:21:b0:53:c3,ft9,1330702541.06,DropboxGuest,00:0b:86:74:99:b1,-96
c8:aa:21:b0:53:c3,ft9,1330702542.64,Dropbox,00:0b:86:74:9a:80,-55
c8:aa:21:b0:53:c3,ft9,1330702542.64,Dropbox,00:0b:86:74:97:60,-63
c8:aa:21:b0:53:c3,ft9,1330702542.64,Dropbox,00:0b:86:74:96:80,-70
c8:aa:21:b0:53:c3,ft9,1330702542.64,Dropbox,00:0b:86:74:9a:90,-70
c8:aa:21:b0:53:c3,ft9,1330702542.64,Dropbox,00:0b:86:74:97:90,-71
c8:aa:21:b0:53:c3,ft9,1330702542.64,Dropbox,00:0b:86:74:95:a0,-91
c8:aa:21:b0:53:c3,ft9,1330702542.64,Dropbox,00:0b:86:74:9a:20,-92
c8:aa:21:b0:53:c3,ft9,1330702542.64,Dropbox,00:0b:86:74:99:b0,-93
c8:aa:21:b0:53:c3,ft9,1330702542.64,DropboxGuest,00:0b:86:74:9a:81,-53
c8:aa:21:b0:53:c3,ft9,1330702542.64,DropboxGuest,00:0b:86:74:97:61,-63
c8:aa:21:b0:53:c3,ft9,1330702542.64,DropboxGuest,00:0b:86:74:9a:91,-71
c8:aa:21:b0:53:c3,ft9,1330702542.64,DropboxGuest,00:0b:86:74:96:81,-71
c8:aa:21:b0:53:c3,ft9,1330702542.64,DropboxGuest,00:0b:86:74:97:91,-74
c8:aa:21:b0:53:c3,ft9,1330702542.64,DropboxGuest,00:0b:86:74:95:a1,-91
c8:aa:21:b0:53:c3,ft9,1330702542.64,DropboxGuest,00:0b:86:74:9a:21,-96
c8:aa:21:b0:53:c3,ft9,1330702542.64,DropboxGuest,00:0b:86:74:99:b1,-96
c8:aa:21:b0:53:c3,ft9,1330702544.27,Dropbox,00:0b:86:74:9a:80,-55
c8:aa:21:b0:53:c3,ft9,1330702544.27,Dropbox,00:0b:86:74:97:60,-63
c8:aa:21:b0:53:c3,ft9,1330702544.27,Dropbox,00:0b:86:74:96:80,-69
c8:aa:21:b0:53:c3,ft9,1330702544.27,Dropbox,00:0b:86:74:9a:90,-70
c8:aa:21:b0:53:c3,ft9,1330702544.27,Dropbox,00:0b:86:74:97:90,-71
c8:aa:21:b0:53:c3,ft9,1330702544.27,Dropbox,00:0b:86:74:95:a0,-91
c8:aa:21:b0:53:c3,ft9,1330702544.27,Dropbox,00:0b:86:74:9a:20,-92
c8:aa:21:b0:53:c3,ft9,1330702544.27,Dropbox,00:0b:86:74:99:b0,-93
c8:aa:21:b0:53:c3,ft9,1330702544.27,DropboxGuest,00:0b:86:74:9a:81,-55
c8:aa:21:b0:53:c3,ft9,1330702544.27,DropboxGuest,00:0b:86:74:97:61,-63
c8:aa:21:b0:53:c3,ft9,1330702544.27,DropboxGuest,00:0b:86:74:96:81,-70
c8:aa:21:b0:53:c3,ft9,1330702544.27,DropboxGuest,00:0b:86:74:9a:91,-71
c8:aa:21:b0:53:c3,ft9,1330702544.27,DropboxGuest,00:0b:86:74:97:91,-71
c8:aa:21:b0:53:c3,ft9,1330702544.27,DropboxGuest,00:0b:86:74:95:a1,-93
c8:aa:21:b0:53:c3,ft9,1330702544.27,DropboxGuest,00:0b:86:74:99:b1,-96
c8:aa:21:b0:53:c3,ft9,1330702544.27,DropboxGuest,00:0b:86:74:9a:21,-96
c8:aa:21:b0:53:c3,ft9,1330702545.92,Dropbox,00:0b:86:74:9a:80,-52
c8:aa:21:b0:53:c3,ft9,1330702545.92,Dropbox,00:0b:86:74:97:60,-63
c8:aa:21:b0:53:c3,ft9,1330702545.92,Dropbox,00:0b:86:74:96:80,-69
c8:aa:21:b0:53:c3,ft9,1330702545.92,Dropbox,00:0b:86:74:9a:90,-70
c8:aa:21:b0:53:c3,ft9,1330702545.92,Dropbox,00:0b:86:74:97:90,-70
c8:aa:21:b0:53:c3,ft9,1330702545.92,Dropbox,00:0b:86:74:9a:20,-92
c8:aa:21:b0:53:c3,ft9,1330702545.92,Dropbox,00:0b:86:74:99:b0,-93
c8:aa:21:b0:53:c3,ft9,1330702545.92,DropboxGuest,00:0b:86:74:9a:81,-54
c8:aa:21:b0:53:c3,ft9,1330702545.92,DropboxGuest,00:0b:86:74:97:61,-63
c8:aa:21:b0:53:c3,ft9,1330702545.92,DropboxGuest,00:0b:86:74:96:81,-69
c8:aa:21:b0:53:c3,ft9,1330702545.92,DropboxGuest,00:0b:86:74:9a:91,-70
c8:aa:21:b0:53:c3,ft9,1330702545.92,DropboxGuest,00:0b:86:74:97:91,-71
c8:aa:21:b0:53:c3,ft9,1330702545.92,DropboxGuest,00:0b:86:74:95:a1,-91
c8:aa:21:b0:53:c3,ft9,1330702545.92,DropboxGuest,00:0b:86:74:99:b1,-96
c8:aa:21:b0:53:c3,ft9,1330702545.92,DropboxGuest,00:0b:86:74:9a:21,-96
c8:aa:21:b0:53:c3,ft9,1330702547.5,Dropbox,00:0b:86:74:9a:80,-53
c8:aa:21:b0:53:c3,ft9,1330702547.5,Dropbox,00:0b:86:74:97:60,-63
c8:aa:21:b0:53:c3,ft9,1330702547.5,Dropbox,00:0b:86:74:9a:90,-70
c8:aa:21:b0:53:c3,ft9,1330702547.5,Dropbox,00:0b:86:74:96:80,-71
c8:aa:21:b0:53:c3,ft9,1330702547.5,Dropbox,00:0b:86:74:97:90,-71
c8:aa:21:b0:53:c3,ft9,1330702547.5,Dropbox,00:0b:86:74:99:b0,-88
c8:aa:21:b0:53:c3,ft9,1330702547.5,Dropbox,00:0b:86:74:9a:20,-92
c8:aa:21:b0:53:c3,ft9,1330702547.5,Dropbox,00:0b:86:74:95:a0,-93
c8:aa:21:b0:53:c3,ft9,1330702547.5,DropboxGuest,00:0b:86:74:9a:81,-52
c8:aa:21:b0:53:c3,ft9,1330702547.5,DropboxGuest,00:0b:86:74:97:61,-64
c8:aa:21:b0:53:c3,ft9,1330702547.5,DropboxGuest,00:0b:86:74:97:91,-70
c8:aa:21:b0:53:c3,ft9,1330702547.5,DropboxGuest,00:0b:86:74:9a:91,-71
c8:aa:21:b0:53:c3,ft9,1330702547.5,DropboxGuest,00:0b:86:74:96:81,-71
c8:aa:21:b0:53:c3,ft9,1330702547.5,DropboxGuest,00:0b:86:74:95:a1,-91
c8:aa:21:b0:53:c3,ft9,1330702547.5,DropboxGuest,00:0b:86:74:99:b1,-93
c8:aa:21:b0:53:c3,ft9,1330702547.5,DropboxGuest,00:0b:86:74:9a:21,-96
c8:aa:21:b0:53:c3,ft9,1330702549.19,Dropbox,00:0b:86:74:9a:80,-61
c8:aa:21:b0:53:c3,ft9,1330702549.19,Dropbox,00:0b:86:74:97:60,-64
c8:aa:21:b0:53:c3,ft9,1330702549.19,Dropbox,00:0b:86:74:96:80,-69
c8:aa:21:b0:53:c3,ft9,1330702549.19,Dropbox,00:0b:86:74:97:90,-71
c8:aa:21:b0:53:c3,ft9,1330702549.19,Dropbox,00:0b:86:74:9a:90,-71
c8:aa:21:b0:53:c3,ft9,1330702549.19,Dropbox,00:0b:86:74:99:b0,-88
c8:aa:21:b0:53:c3,ft9,1330702549.19,Dropbox,00:0b:86:74:95:a0,-93
c8:aa:21:b0:53:c3,ft9,1330702549.19,DropboxGuest,00:0b:86:74:9a:81,-60
c8:aa:21:b0:53:c3,ft9,1330702549.19,DropboxGuest,00:0b:86:74:97:61,-64
c8:aa:21:b0:53:c3,ft9,1330702549.19,DropboxGuest,00:0b:86:74:96:81,-69
c8:aa:21:b0:53:c3,ft9,1330702549.19,DropboxGuest,00:0b:86:74:97:91,-70
c8:aa:21:b0:53:c3,ft9,1330702549.19,DropboxGuest,00:0b:86:74:9a:91,-71
c8:aa:21:b0:53:c3,ft9,1330702549.19,DropboxGuest,00:0b:86:74:95:a1,-91
c8:aa:21:b0:53:c3,ft9,1330702549.19,DropboxGuest,00:0b:86:74:99:b1,-95
c8:aa:21:b0:53:c3,ft9,1330702549.19,DropboxGuest,00:0b:86:74:9a:21,-96
c8:aa:21:b0:53:c3,ft9,1330702550.87,Dropbox,00:0b:86:74:97:60,-63
c8:aa:21:b0:53:c3,ft9,1330702550.87,Dropbox,00:0b:86:74:9a:80,-63
c8:aa:21:b0:53:c3,ft9,1330702550.87,Dropbox,00:0b:86:74:97:90,-69
c8:aa:21:b0:53:c3,ft9,1330702550.87,Dropbox,00:0b:86:74:9a:90,-70
c8:aa:21:b0:53:c3,ft9,1330702550.87,Dropbox,00:0b:86:74:96:80,-72
c8:aa:21:b0:53:c3,ft9,1330702550.87,Dropbox,00:0b:86:74:99:b0,-88
c8:aa:21:b0:53:c3,ft9,1330702550.87,Dropbox,00:0b:86:74:95:a0,-93
c8:aa:21:b0:53:c3,ft9,1330702550.87,DropboxGuest,00:0b:86:74:9a:81,-59
c8:aa:21:b0:53:c3,ft9,1330702550.87,DropboxGuest,00:0b:86:74:97:61,-63
c8:aa:21:b0:53:c3,ft9,1330702550.87,DropboxGuest,00:0b:86:74:96:81,-69
c8:aa:21:b0:53:c3,ft9,1330702550.87,DropboxGuest,00:0b:86:74:97:91,-71
c8:aa:21:b0:53:c3,ft9,1330702550.87,DropboxGuest,00:0b:86:74:9a:91,-73
c8:aa:21:b0:53:c3,ft9,1330702550.87,DropboxGuest,00:0b:86:74:95:a1,-91
c8:aa:21:b0:53:c3,ft9,1330702550.87,DropboxGuest,00:0b:86:74:99:b1,-93
c8:aa:21:b0:53:c3,ft9,1330702550.87,DropboxGuest,00:0b:86:74:9a:21,-96
c8:aa:21:b0:53:c3,ft9,1330702552.55,Dropbox,00:0b:86:74:9a:80,-61
c8:aa:21:b0:53:c3,ft9,1330702552.55,Dropbox,00:0b:86:74:97:60,-63
c8:aa:21:b0:53:c3,ft9,1330702552.55,Dropbox,00:0b:86:74:97:90,-70
c8:aa:21:b0:53:c3,ft9,1330702552.55,Dropbox,00:0b:86:74:96:80,-71
c8:aa:21:b0:53:c3,ft9,1330702552.55,Dropbox,00:0b:86:74:9a:90,-72
c8:aa:21:b0:53:c3,ft9,1330702552.55,Dropbox,00:0b:86:74:99:b0,-88
c8:aa:21:b0:53:c3,ft9,1330702552.55,Dropbox,00:0b:86:74:95:a0,-93
c8:aa:21:b0:53:c3,ft9,1330702552.55,Dropbox,00:0b:86:74:9a:20,-96
c8:aa:21:b0:53:c3,ft9,1330702552.55,DropboxGuest,00:0b:86:74:9a:81,-60
c8:aa:21:b0:53:c3,ft9,1330702552.55,DropboxGuest,00:0b:86:74:97:61,-63
c8:aa:21:b0:53:c3,ft9,1330702552.55,DropboxGuest,00:0b:86:74:97:91,-69
c8:aa:21:b0:53:c3,ft9,1330702552.55,DropboxGuest,00:0b:86:74:96:81,-70
c8:aa:21:b0:53:c3,ft9,1330702552.55,DropboxGuest,00:0b:86:74:9a:91,-72
c8:aa:21:b0:53:c3,ft9,1330702552.55,DropboxGuest,00:0b:86:74:95:a1,-91
c8:aa:21:b0:53:c3,ft9,1330702552.55,DropboxGuest,00:0b:86:74:99:b1,-93
c8:aa:21:b0:53:c3,ft9,1330702552.55,DropboxGuest,00:0b:86:74:9a:21,-96
c8:aa:21:b0:53:c3,ft9,1330702554.23,Dropbox,00:0b:86:74:9a:80,-59
c8:aa:21:b0:53:c3,ft9,1330702554.23,Dropbox,00:0b:86:74:97:60,-64
c8:aa:21:b0:53:c3,ft9,1330702554.23,Dropbox,00:0b:86:74:96:80,-70
c8:aa:21:b0:53:c3,ft9,1330702554.23,Dropbox,00:0b:86:74:97:90,-71
c8:aa:21:b0:53:c3,ft9,1330702554.23,Dropbox,00:0b:86:74:9a:90,-71
c8:aa:21:b0:53:c3,ft9,1330702554.23,Dropbox,00:0b:86:74:95:a0,-95
c8:aa:21:b0:53:c3,ft9,1330702554.23,Dropbox,00:0b:86:74:9a:20,-96
c8:aa:21:b0:53:c3,ft9,1330702554.23,DropboxGuest,00:0b:86:74:9a:81,-62
c8:aa:21:b0:53:c3,ft9,1330702554.23,DropboxGuest,00:0b:86:74:97:61,-64
c8:aa:21:b0:53:c3,ft9,1330702554.23,DropboxGuest,00:0b:86:74:96:81,-69
c8:aa:21:b0:53:c3,ft9,1330702554.23,DropboxGuest,00:0b:86:74:9a:91,-70
c8:aa:21:b0:53:c3,ft9,1330702554.23,DropboxGuest,00:0b:86:74:97:91,-71
c8:aa:21:b0:53:c3,ft9,1330702554.23,DropboxGuest,00:0b:86:74:95:a1,-91
c8:aa:21:b0:53:c3,ft9,1330702554.23,DropboxGuest,00:0b:86:74:99:b1,-93
c8:aa:21:b0:53:c3,ft9,1330702554.23,DropboxGuest,00:0b:86:74:9a:21,-96
c8:aa:21:b0:53:c3,ft9,1330702555.87,Dropbox,00:0b:86:74:9a:80,-61
c8:aa:21:b0:53:c3,ft9,1330702555.87,Dropbox,00:0b:86:74:97:60,-63
c8:aa:21:b0:53:c3,ft9,1330702555.87,Dropbox,00:0b:86:74:9a:90,-69
c8:aa:21:b0:53:c3,ft9,1330702555.87,Dropbox,00:0b:86:74:97:90,-70
c8:aa:21:b0:53:c3,ft9,1330702555.87,Dropbox,00:0b:86:74:96:80,-71
c8:aa:21:b0:53:c3,ft9,1330702555.87,Dropbox,00:0b:86:74:95:a0,-91
c8:aa:21:b0:53:c3,ft9,1330702555.87,Dropbox,00:0b:86:74:9a:20,-96
c8:aa:21:b0:53:c3,ft9,1330702555.87,DropboxGuest,00:0b:86:74:9a:81,-61
c8:aa:21:b0:53:c3,ft9,1330702555.87,DropboxGuest,00:0b:86:74:97:61,-63
c8:aa:21:b0:53:c3,ft9,1330702555.87,DropboxGuest,00:0b:86:74:96:81,-70
c8:aa:21:b0:53:c3,ft9,1330702555.87,DropboxGuest,00:0b:86:74:97:91,-71
c8:aa:21:b0:53:c3,ft9,1330702555.87,DropboxGuest,00:0b:86:74:9a:91,-72
c8:aa:21:b0:53:c3,ft9,1330702555.87,DropboxGuest,00:0b:86:74:95:a1,-91
c8:aa:21:b0:53:c3,ft9,1330702555.87,DropboxGuest,00:0b:86:74:99:b1,-97
c8:aa:21:b0:53:c3,ft9,1330702557.42,Dropbox,00:0b:86:74:9a:80,-62
c8:aa:21:b0:53:c3,ft9,1330702557.42,Dropbox,00:0b:86:74:97:60,-64
c8:aa:21:b0:53:c3,ft9,1330702557.42,Dropbox,00:0b:86:74:96:80,-70
c8:aa:21:b0:53:c3,ft9,1330702557.42,Dropbox,00:0b:86:74:9a:90,-70
c8:aa:21:b0:53:c3,ft9,1330702557.42,Dropbox,00:0b:86:74:97:90,-74
c8:aa:21:b0:53:c3,ft9,1330702557.42,Dropbox,00:0b:86:74:95:a0,-91
c8:aa:21:b0:53:c3,ft9,1330702557.42,Dropbox,00:0b:86:74:99:b0,-93
c8:aa:21:b0:53:c3,ft9,1330702557.42,Dropbox,00:0b:86:74:9a:20,-96
c8:aa:21:b0:53:c3,ft9,1330702557.42,DropboxGuest,00:0b:86:74:9a:81,-55
c8:aa:21:b0:53:c3,ft9,1330702557.42,DropboxGuest,00:0b:86:74:97:61,-63
c8:aa:21:b0:53:c3,ft9,1330702557.42,DropboxGuest,00:0b:86:74:96:81,-71
c8:aa:21:b0:53:c3,ft9,1330702557.42,DropboxGuest,00:0b:86:74:97:91,-71
c8:aa:21:b0:53:c3,ft9,1330702557.42,DropboxGuest,00:0b:86:74:9a:91,-72
c8:aa:21:b0:53:c3,ft9,1330702557.42,DropboxGuest,00:0b:86:74:95:a1,-91
c8:aa:21:b0:53:c3,ft9,1330702557.42,DropboxGuest,00:0b:86:74:99:b1,-97
c8:aa:21:b0:53:c3,ft9,1330702559.06,Dropbox,00:0b:86:74:9a:80,-59
c8:aa:21:b0:53:c3,ft9,1330702559.06,Dropbox,00:0b:86:74:97:60,-63
c8:aa:21:b0:53:c3,ft9,1330702559.06,Dropbox,00:0b:86:74:97:90,-69
c8:aa:21:b0:53:c3,ft9,1330702559.06,Dropbox,00:0b:86:74:96:80,-71
c8:aa:21:b0:53:c3,ft9,1330702559.06,Dropbox,00:0b:86:74:9a:90,-71
c8:aa:21:b0:53:c3,ft9,1330702559.06,Dropbox,00:0b:86:74:95:a0,-91
c8:aa:21:b0:53:c3,ft9,1330702559.06,Dropbox,00:0b:86:74:9a:20,-95
c8:aa:21:b0:53:c3,ft9,1330702559.06,Dropbox,00:0b:86:74:99:b0,-96
c8:aa:21:b0:53:c3,ft9,1330702559.06,DropboxGuest,00:0b:86:74:9a:81,-59
c8:aa:21:b0:53:c3,ft9,1330702559.06,DropboxGuest,00:0b:86:74:97:61,-64
c8:aa:21:b0:53:c3,ft9,1330702559.06,DropboxGuest,00:0b:86:74:97:91,-70
c8:aa:21:b0:53:c3,ft9,1330702559.06,DropboxGuest,00:0b:86:74:96:81,-72
c8:aa:21:b0:53:c3,ft9,1330702559.06,DropboxGuest,00:0b:86:74:9a:91,-72
c8:aa:21:b0:53:c3,ft9,1330702559.06,DropboxGuest,00:0b:86:74:99:b1,-93
c8:aa:21:b0:53:c3,ft9,1330702560.61,Dropbox,00:0b:86:74:9a:80,-60
c8:aa:21:b0:53:c3,ft9,1330702560.61,Dropbox,00:0b:86:74:97:60,-63
c8:aa:21:b0:53:c3,ft9,1330702560.61,Dropbox,00:0b:86:74:9a:90,-70
c8:aa:21:b0:53:c3,ft9,1330702560.61,Dropbox,00:0b:86:74:97:90,-70
c8:aa:21:b0:53:c3,ft9,1330702560.61,Dropbox,00:0b:86:74:96:80,-71
c8:aa:21:b0:53:c3,ft9,1330702560.61,Dropbox,00:0b:86:74:95:a0,-91
c8:aa:21:b0:53:c3,ft9,1330702560.61,Dropbox,00:0b:86:74:9a:20,-95
c8:aa:21:b0:53:c3,ft9,1330702560.61,Dropbox,00:0b:86:74:99:b0,-96
c8:aa:21:b0:53:c3,ft9,1330702560.61,DropboxGuest,00:0b:86:74:9a:81,-57
c8:aa:21:b0:53:c3,ft9,1330702560.61,DropboxGuest,00:0b:86:74:97:61,-63
c8:aa:21:b0:53:c3,ft9,1330702560.61,DropboxGuest,00:0b:86:74:96:81,-70
c8:aa:21:b0:53:c3,ft9,1330702560.61,DropboxGuest,00:0b:86:74:97:91,-70
c8:aa:21:b0:53:c3,ft9,1330702560.61,DropboxGuest,00:0b:86:74:9a:91,-72
c8:aa:21:b0:53:c3,ft9,1330702560.61,DropboxGuest,00:0b:86:74:99:b1,-93
c8:aa:21:b0:53:c3,ft9,1330702562.26,Dropbox,00:0b:86:74:9a:80,-60
c8:aa:21:b0:53:c3,ft9,1330702562.26,Dropbox,00:0b:86:74:97:60,-64
c8:aa:21:b0:53:c3,ft9,1330702562.26,Dropbox,00:0b:86:74:96:80,-68
c8:aa:21:b0:53:c3,ft9,1330702562.26,Dropbox,00:0b:86:74:97:90,-69
c8:aa:21:b0:53:c3,ft9,1330702562.26,Dropbox,00:0b:86:74:9a:90,-72
c8:aa:21:b0:53:c3,ft9,1330702562.26,Dropbox,00:0b:86:74:9a:20,-95
c8:aa:21:b0:53:c3,ft9,1330702562.26,Dropbox,00:0b:86:74:99:b0,-96
c8:aa:21:b0:53:c3,ft9,1330702562.26,DropboxGuest,00:0b:86:74:9a:81,-63
c8:aa:21:b0:53:c3,ft9,1330702562.26,DropboxGuest,00:0b:86:74:97:61,-64
c8:aa:21:b0:53:c3,ft9,1330702562.26,DropboxGuest,00:0b:86:74:96:81,-69
c8:aa:21:b0:53:c3,ft9,1330702562.26,DropboxGuest,00:0b:86:74:9a:91,-71
c8:aa:21:b0:53:c3,ft9,1330702562.26,DropboxGuest,00:0b:86:74:97:91,-71
c8:aa:21:b0:53:c3,ft9,1330702562.26,DropboxGuest,00:0b:86:74:95:a1,-88
c8:aa:21:b0:53:c3,ft9,1330702562.26,DropboxGuest,00:0b:86:74:99:b1,-92
c8:aa:21:b0:53:c3,ft9,1330702563.89,Dropbox,00:0b:86:74:9a:80,-59
c8:aa:21:b0:53:c3,ft9,1330702563.89,Dropbox,00:0b:86:74:97:60,-64
c8:aa:21:b0:53:c3,ft9,1330702563.89,Dropbox,00:0b:86:74:96:80,-70
c8:aa:21:b0:53:c3,ft9,1330702563.89,Dropbox,00:0b:86:74:9a:90,-70
c8:aa:21:b0:53:c3,ft9,1330702563.89,Dropbox,00:0b:86:74:97:90,-71
c8:aa:21:b0:53:c3,ft9,1330702563.89,Dropbox,00:0b:86:74:9a:20,-95
c8:aa:21:b0:53:c3,ft9,1330702563.89,Dropbox,00:0b:86:74:99:b0,-96
c8:aa:21:b0:53:c3,ft9,1330702563.89,DropboxGuest,00:0b:86:74:9a:81,-62
c8:aa:21:b0:53:c3,ft9,1330702563.89,DropboxGuest,00:0b:86:74:97:61,-64
c8:aa:21:b0:53:c3,ft9,1330702563.89,DropboxGuest,00:0b:86:74:96:81,-70
c8:aa:21:b0:53:c3,ft9,1330702563.89,DropboxGuest,00:0b:86:74:9a:91,-72
c8:aa:21:b0:53:c3,ft9,1330702563.89,DropboxGuest,00:0b:86:74:97:91,-73
c8:aa:21:b0:53:c3,ft9,1330702563.89,DropboxGuest,00:0b:86:74:95:a1,-89
c8:aa:21:b0:53:c3,ft9,1330702563.89,DropboxGuest,00:0b:86:74:99:b1,-92
c8:aa:21:b0:53:c3,ft9,1330702565.45,Dropbox,00:0b:86:74:9a:80,-59
c8:aa:21:b0:53:c3,ft9,1330702565.45,Dropbox,00:0b:86:74:97:60,-63
c8:aa:21:b0:53:c3,ft9,1330702565.45,Dropbox,00:0b:86:74:9a:90,-69
c8:aa:21:b0:53:c3,ft9,1330702565.45,Dropbox,00:0b:86:74:96:80,-70
c8:aa:21:b0:53:c3,ft9,1330702565.45,Dropbox,00:0b:86:74:97:90,-71
c8:aa:21:b0:53:c3,ft9,1330702565.45,Dropbox,00:0b:86:74:95:a0,-87
c8:aa:21:b0:53:c3,ft9,1330702565.45,Dropbox,00:0b:86:74:99:b0,-87
c8:aa:21:b0:53:c3,ft9,1330702565.45,DropboxGuest,00:0b:86:74:9a:81,-61
c8:aa:21:b0:53:c3,ft9,1330702565.45,DropboxGuest,00:0b:86:74:97:61,-64
c8:aa:21:b0:53:c3,ft9,1330702565.45,DropboxGuest,00:0b:86:74:97:91,-71
c8:aa:21:b0:53:c3,ft9,1330702565.45,DropboxGuest,00:0b:86:74:96:81,-72
c8:aa:21:b0:53:c3,ft9,1330702565.45,DropboxGuest,00:0b:86:74:9a:91,-73
c8:aa:21:b0:53:c3,ft9,1330702565.45,DropboxGuest,00:0b:86:74:95:a1,-89
c8:aa:21:b0:53:c3,ft9,1330702565.45,DropboxGuest,00:0b:86:74:99:b1,-92
c8:aa:21:b0:53:c3,ft9,1330702567.1,Dropbox,00:0b:86:74:9a:80,-61
c8:aa:21:b0:53:c3,ft9,1330702567.1,Dropbox,00:0b:86:74:97:60,-64
c8:aa:21:b0:53:c3,ft9,1330702567.1,Dropbox,00:0b:86:74:96:80,-69
c8:aa:21:b0:53:c3,ft9,1330702567.1,Dropbox,00:0b:86:74:97:90,-72
c8:aa:21:b0:53:c3,ft9,1330702567.1,Dropbox,00:0b:86:74:9a:90,-73
c8:aa:21:b0:53:c3,ft9,1330702567.1,Dropbox,00:0b:86:74:95:a0,-87
c8:aa:21:b0:53:c3,ft9,1330702567.1,Dropbox,00:0b:86:74:99:b0,-95
c8:aa:21:b0:53:c3,ft9,1330702567.1,DropboxGuest,00:0b:86:74:9a:81,-56
c8:aa:21:b0:53:c3,ft9,1330702567.1,DropboxGuest,00:0b:86:74:97:61,-63
c8:aa:21:b0:53:c3,ft9,1330702567.1,DropboxGuest,00:0b:86:74:97:91,-70
c8:aa:21:b0:53:c3,ft9,1330702567.1,DropboxGuest,00:0b:86:74:9a:91,-70
c8:aa:21:b0:53:c3,ft9,1330702567.1,DropboxGuest,00:0b:86:74:96:81,-71
c8:aa:21:b0:53:c3,ft9,1330702567.1,DropboxGuest,00:0b:86:74:95:a1,-89
c8:aa:21:b0:53:c3,ft9,1330702567.1,DropboxGuest,00:0b:86:74:99:b1,-95
c8:aa:21:b0:53:c3,ft9,1330702568.72,Dropbox,00:0b:86:74:9a:80,-61
c8:aa:21:b0:53:c3,ft9,1330702568.72,Dropbox,00:0b:86:74:97:60,-63
c8:aa:21:b0:53:c3,ft9,1330702568.72,Dropbox,00:0b:86:74:96:80,-69
c8:aa:21:b0:53:c3,ft9,1330702568.72,Dropbox,00:0b:86:74:9a:90,-70
c8:aa:21:b0:53:c3,ft9,1330702568.72,Dropbox,00:0b:86:74:97:90,-71
c8:aa:21:b0:53:c3,ft9,1330702568.72,Dropbox,00:0b:86:74:95:a0,-87
c8:aa:21:b0:53:c3,ft9,1330702568.72,Dropbox,00:0b:86:74:99:b0,-95
c8:aa:21:b0:53:c3,ft9,1330702568.72,DropboxGuest,00:0b:86:74:9a:81,-61
c8:aa:21:b0:53:c3,ft9,1330702568.72,DropboxGuest,00:0b:86:74:97:61,-63
c8:aa:21:b0:53:c3,ft9,1330702568.72,DropboxGuest,00:0b:86:74:97:91,-70
c8:aa:21:b0:53:c3,ft9,1330702568.72,DropboxGuest,00:0b:86:74:9a:91,-72
c8:aa:21:b0:53:c3,ft9,1330702568.72,DropboxGuest,00:0b:86:74:96:81,-72
c8:aa:21:b0:53:c3,ft9,1330702568.72,DropboxGuest,00:0b:86:74:95:a1,-89
c8:aa:21:b0:53:c3,ft9,1330702568.72,DropboxGuest,00:0b:86:74:99:b1,-97
c8:aa:21:b0:53:c3,ft9,1330702570.38,Dropbox,00:0b:86:74:9a:80,-63
c8:aa:21:b0:53:c3,ft9,1330702570.38,Dropbox,00:0b:86:74:97:60,-64
c8:aa:21:b0:53:c3,ft9,1330702570.38,Dropbox,00:0b:86:74:96:80,-70
c8:aa:21:b0:53:c3,ft9,1330702570.38,Dropbox,00:0b:86:74:9a:90,-71
c8:aa:21:b0:53:c3,ft9,1330702570.38,Dropbox,00:0b:86:74:97:90,-71
c8:aa:21:b0:53:c3,ft9,1330702570.38,Dropbox,00:0b:86:74:95:a0,-87
c8:aa:21:b0:53:c3,ft9,1330702570.38,Dropbox,00:0b:86:74:99:b0,-95
c8:aa:21:b0:53:c3,ft9,1330702570.38,DropboxGuest,00:0b:86:74:9a:81,-62
c8:aa:21:b0:53:c3,ft9,1330702570.38,DropboxGuest,00:0b:86:74:97:61,-63
c8:aa:21:b0:53:c3,ft9,1330702570.38,DropboxGuest,00:0b:86:74:96:81,-69
c8:aa:21:b0:53:c3,ft9,1330702570.38,DropboxGuest,00:0b:86:74:9a:91,-70
c8:aa:21:b0:53:c3,ft9,1330702570.38,DropboxGuest,00:0b:86:74:97:91,-71
c8:aa:21:b0:53:c3,ft9,1330702570.38,DropboxGuest,00:0b:86:74:95:a1,-89
c8:aa:21:b0:53:c3,ft9,1330702570.38,DropboxGuest,00:0b:86:74:99:b1,-93
c8:aa:21:b0:53:c3,ft9,1330702572.02,Dropbox,00:0b:86:74:9a:80,-61
c8:aa:21:b0:53:c3,ft9,1330702572.02,Dropbox,00:0b:86:74:97:60,-64
c8:aa:21:b0:53:c3,ft9,1330702572.02,Dropbox,00:0b:86:74:96:80,-70
c8:aa:21:b0:53:c3,ft9,1330702572.02,Dropbox,00:0b:86:74:9a:90,-70
c8:aa:21:b0:53:c3,ft9,1330702572.02,Dropbox,00:0b:86:74:97:90,-73
c8:aa:21:b0:53:c3,ft9,1330702572.02,Dropbox,00:0b:86:74:95:a0,-88
c8:aa:21:b0:53:c3,ft9,1330702572.02,Dropbox,00:0b:86:74:99:b0,-95
c8:aa:21:b0:53:c3,ft9,1330702572.02,Dropbox,00:0b:86:74:9a:20,-99
c8:aa:21:b0:53:c3,ft9,1330702572.02,DropboxGuest,00:0b:86:74:9a:81,-58
c8:aa:21:b0:53:c3,ft9,1330702572.02,DropboxGuest,00:0b:86:74:97:61,-63
c8:aa:21:b0:53:c3,ft9,1330702572.02,DropboxGuest,00:0b:86:74:96:81,-70
c8:aa:21:b0:53:c3,ft9,1330702572.02,DropboxGuest,00:0b:86:74:9a:91,-71
c8:aa:21:b0:53:c3,ft9,1330702572.02,DropboxGuest,00:0b:86:74:97:91,-73
c8:aa:21:b0:53:c3,ft9,1330702572.02,DropboxGuest,00:0b:86:74:95:a1,-91
c8:aa:21:b0:53:c3,ft9,1330702572.02,DropboxGuest,00:0b:86:74:99:b1,-93
c8:aa:21:b0:53:c3,ft9,1330702573.58,Dropbox,00:0b:86:74:9a:80,-60
c8:aa:21:b0:53:c3,ft9,1330702573.58,Dropbox,00:0b:86:74:97:60,-63
c8:aa:21:b0:53:c3,ft9,1330702573.58,Dropbox,00:0b:86:74:96:80,-69
c8:aa:21:b0:53:c3,ft9,1330702573.58,Dropbox,00:0b:86:74:9a:90,-70
c8:aa:21:b0:53:c3,ft9,1330702573.58,Dropbox,00:0b:86:74:97:90,-71
c8:aa:21:b0:53:c3,ft9,1330702573.58,Dropbox,00:0b:86:74:95:a0,-87
c8:aa:21:b0:53:c3,ft9,1330702573.58,Dropbox,00:0b:86:74:9a:20,-99
c8:aa:21:b0:53:c3,ft9,1330702573.58,DropboxGuest,00:0b:86:74:9a:81,-56
c8:aa:21:b0:53:c3,ft9,1330702573.58,DropboxGuest,00:0b:86:74:97:61,-64
c8:aa:21:b0:53:c3,ft9,1330702573.58,DropboxGuest,00:0b:86:74:96:81,-71
c8:aa:21:b0:53:c3,ft9,1330702573.58,DropboxGuest,00:0b:86:74:9a:91,-71
c8:aa:21:b0:53:c3,ft9,1330702573.58,DropboxGuest,00:0b:86:74:97:91,-72
c8:aa:21:b0:53:c3,ft9,1330702573.58,DropboxGuest,00:0b:86:74:95:a1,-89
c8:aa:21:b0:53:c3,ft9,1330702573.58,DropboxGuest,00:0b:86:74:99:b1,-93
c8:aa:21:b0:53:c3,ft9,1330702575.28,Dropbox,00:0b:86:74:9a:80,-59
c8:aa:21:b0:53:c3,ft9,1330702575.28,Dropbox,00:0b:86:74:97:60,-63
c8:aa:21:b0:53:c3,ft9,1330702575.28,Dropbox,00:0b:86:74:96:80,-70
c8:aa:21:b0:53:c3,ft9,1330702575.28,Dropbox,00:0b:86:74:97:90,-71
c8:aa:21:b0:53:c3,ft9,1330702575.28,Dropbox,00:0b:86:74:9a:90,-72
c8:aa:21:b0:53:c3,ft9,1330702575.28,Dropbox,00:0b:86:74:95:a0,-91
c8:aa:21:b0:53:c3,ft9,1330702575.28,Dropbox,00:0b:86:74:9a:20,-93
c8:aa:21:b0:53:c3,ft9,1330702575.28,Dropbox,00:0b:86:74:99:b0,-93
c8:aa:21:b0:53:c3,ft9,1330702575.28,DropboxGuest,00:0b:86:74:9a:81,-59
c8:aa:21:b0:53:c3,ft9,1330702575.28,DropboxGuest,00:0b:86:74:97:61,-64
c8:aa:21:b0:53:c3,ft9,1330702575.28,DropboxGuest,00:0b:86:74:96:81,-69
c8:aa:21:b0:53:c3,ft9,1330702575.28,DropboxGuest,00:0b:86:74:9a:91,-70
c8:aa:21:b0:53:c3,ft9,1330702575.28,DropboxGuest,00:0b:86:74:97:91,-71
c8:aa:21:b0:53:c3,ft9,1330702575.28,DropboxGuest,00:0b:86:74:95:a1,-89
c8:aa:21:b0:53:c3,ft9,1330702575.28,DropboxGuest,00:0b:86:74:99:b1,-93
c8:aa:21:b0:53:c3,ft9,1330702576.92,Dropbox,00:0b:86:74:9a:80,-59
c8:aa:21:b0:53:c3,ft9,1330702576.92,Dropbox,00:0b:86:74:97:60,-63
c8:aa:21:b0:53:c3,ft9,1330702576.92,Dropbox,00:0b:86:74:97:90,-70
c8:aa:21:b0:53:c3,ft9,1330702576.92,Dropbox,00:0b:86:74:96:80,-70
c8:aa:21:b0:53:c3,ft9,1330702576.92,Dropbox,00:0b:86:74:9a:90,-70
c8:aa:21:b0:53:c3,ft9,1330702576.92,Dropbox,00:0b:86:74:95:a0,-91
c8:aa:21:b0:53:c3,ft9,1330702576.92,Dropbox,00:0b:86:74:9a:20,-93
c8:aa:21:b0:53:c3,ft9,1330702576.92,Dropbox,00:0b:86:74:99:b0,-96
c8:aa:21:b0:53:c3,ft9,1330702576.92,DropboxGuest,00:0b:86:74:9a:81,-58
c8:aa:21:b0:53:c3,ft9,1330702576.92,DropboxGuest,00:0b:86:74:97:61,-63
c8:aa:21:b0:53:c3,ft9,1330702576.92,DropboxGuest,00:0b:86:74:96:81,-69
c8:aa:21:b0:53:c3,ft9,1330702576.92,DropboxGuest,00:0b:86:74:9a:91,-73
c8:aa:21:b0:53:c3,ft9,1330702576.92,DropboxGuest,00:0b:86:74:97:91,-73
c8:aa:21:b0:53:c3,ft9,1330702576.92,DropboxGuest,00:0b:86:74:95:a1,-89
c8:aa:21:b0:53:c3,ft9,1330702576.92,DropboxGuest,00:0b:86:74:99:b1,-93
c8:aa:21:b0:53:c3,ft9,1330702576.92,DropboxGuest,00:0b:86:74:9a:21,-99
c8:aa:21:b0:53:c3,ft9,1330702578.49,Dropbox,00:0b:86:74:9a:80,-59
c8:aa:21:b0:53:c3,ft9,1330702578.49,Dropbox,00:0b:86:74:97:60,-63
c8:aa:21:b0:53:c3,ft9,1330702578.49,Dropbox,00:0b:86:74:96:80,-71
c8:aa:21:b0:53:c3,ft9,1330702578.49,Dropbox,00:0b:86:74:9a:90,-71
c8:aa:21:b0:53:c3,ft9,1330702578.49,Dropbox,00:0b:86:74:97:90,-73
c8:aa:21:b0:53:c3,ft9,1330702578.49,Dropbox,00:0b:86:74:95:a0,-91
c8:aa:21:b0:53:c3,ft9,1330702578.49,Dropbox,00:0b:86:74:9a:20,-93
c8:aa:21:b0:53:c3,ft9,1330702578.49,Dropbox,00:0b:86:74:99:b0,-96
c8:aa:21:b0:53:c3,ft9,1330702578.49,DropboxGuest,00:0b:86:74:9a:81,-55
c8:aa:21:b0:53:c3,ft9,1330702578.49,DropboxGuest,00:0b:86:74:97:61,-63
c8:aa:21:b0:53:c3,ft9,1330702578.49,DropboxGuest,00:0b:86:74:96:81,-67
c8:aa:21:b0:53:c3,ft9,1330702578.49,DropboxGuest,00:0b:86:74:9a:91,-70
c8:aa:21:b0:53:c3,ft9,1330702578.49,DropboxGuest,00:0b:86:74:97:91,-73
c8:aa:21:b0:53:c3,ft9,1330702578.49,DropboxGuest,00:0b:86:74:99:b1,-93
c8:aa:21:b0:53:c3,ft9,1330702578.49,DropboxGuest,00:0b:86:74:95:a1,-93
c8:aa:21:b0:53:c3,ft9,1330702578.49,DropboxGuest,00:0b:86:74:9a:21,-99
c8:aa:21:b0:53:c3,ft9,1330702580.14,Dropbox,00:0b:86:74:9a:80,-58
c8:aa:21:b0:53:c3,ft9,1330702580.14,Dropbox,00:0b:86:74:97:60,-63
c8:aa:21:b0:53:c3,ft9,1330702580.14,Dropbox,00:0b:86:74:97:90,-69
c8:aa:21:b0:53:c3,ft9,1330702580.14,Dropbox,00:0b:86:74:9a:90,-70
c8:aa:21:b0:53:c3,ft9,1330702580.14,Dropbox,00:0b:86:74:96:80,-71
c8:aa:21:b0:53:c3,ft9,1330702580.14,Dropbox,00:0b:86:74:95:a0,-85
c8:aa:21:b0:53:c3,ft9,1330702580.14,Dropbox,00:0b:86:74:9a:20,-93
c8:aa:21:b0:53:c3,ft9,1330702580.14,Dropbox,00:0b:86:74:99:b0,-93
c8:aa:21:b0:53:c3,ft9,1330702580.14,DropboxGuest,00:0b:86:74:9a:81,-62
c8:aa:21:b0:53:c3,ft9,1330702580.14,DropboxGuest,00:0b:86:74:97:61,-63
c8:aa:21:b0:53:c3,ft9,1330702580.14,DropboxGuest,00:0b:86:74:96:81,-70
c8:aa:21:b0:53:c3,ft9,1330702580.14,DropboxGuest,00:0b:86:74:97:91,-71
c8:aa:21:b0:53:c3,ft9,1330702580.14,DropboxGuest,00:0b:86:74:9a:91,-71
c8:aa:21:b0:53:c3,ft9,1330702580.14,DropboxGuest,00:0b:86:74:95:a1,-91
c8:aa:21:b0:53:c3,ft9,1330702580.14,DropboxGuest,00:0b:86:74:99:b1,-96
c8:aa:21:b0:53:c3,ft9,1330702580.14,DropboxGuest,00:0b:86:74:9a:21,-99
c8:aa:21:b0:53:c3,ft9,1330702581.68,Dropbox,00:0b:86:74:9a:80,-60
c8:aa:21:b0:53:c3,ft9,1330702581.68,Dropbox,00:0b:86:74:97:60,-63
c8:aa:21:b0:53:c3,ft9,1330702581.68,Dropbox,00:0b:86:74:96:80,-68
c8:aa:21:b0:53:c3,ft9,1330702581.68,Dropbox,00:0b:86:74:97:90,-70
c8:aa:21:b0:53:c3,ft9,1330702581.68,Dropbox,00:0b:86:74:9a:90,-70
c8:aa:21:b0:53:c3,ft9,1330702581.68,Dropbox,00:0b:86:74:95:a0,-89
c8:aa:21:b0:53:c3,ft9,1330702581.68,Dropbox,00:0b:86:74:99:b0,-93
c8:aa:21:b0:53:c3,ft9,1330702581.68,DropboxGuest,00:0b:86:74:9a:81,-61
c8:aa:21:b0:53:c3,ft9,1330702581.68,DropboxGuest,00:0b:86:74:97:61,-63
c8:aa:21:b0:53:c3,ft9,1330702581.68,DropboxGuest,00:0b:86:74:96:81,-70
c8:aa:21:b0:53:c3,ft9,1330702581.68,DropboxGuest,00:0b:86:74:9a:91,-72
c8:aa:21:b0:53:c3,ft9,1330702581.68,DropboxGuest,00:0b:86:74:97:91,-73
c8:aa:21:b0:53:c3,ft9,1330702581.68,DropboxGuest,00:0b:86:74:95:a1,-91
c8:aa:21:b0:53:c3,ft9,1330702581.68,DropboxGuest,00:0b:86:74:99:b1,-93
c8:aa:21:b0:53:c3,ft9,1330702581.68,DropboxGuest,00:0b:86:74:9a:21,-99
c8:aa:21:b0:53:c3,ft9,1330702583.35,Dropbox,00:0b:86:74:9a:80,-61
c8:aa:21:b0:53:c3,ft9,1330702583.35,Dropbox,00:0b:86:74:97:60,-64
c8:aa:21:b0:53:c3,ft9,1330702583.35,Dropbox,00:0b:86:74:96:80,-71
c8:aa:21:b0:53:c3,ft9,1330702583.35,Dropbox,00:0b:86:74:9a:90,-71
c8:aa:21:b0:53:c3,ft9,1330702583.35,Dropbox,00:0b:86:74:97:90,-73
c8:aa:21:b0:53:c3,ft9,1330702583.35,Dropbox,00:0b:86:74:95:a0,-89
c8:aa:21:b0:53:c3,ft9,1330702583.35,Dropbox,00:0b:86:74:99:b0,-93
c8:aa:21:b0:53:c3,ft9,1330702583.35,DropboxGuest,00:0b:86:74:9a:81,-55
c8:aa:21:b0:53:c3,ft9,1330702583.35,DropboxGuest,00:0b:86:74:97:61,-63
c8:aa:21:b0:53:c3,ft9,1330702583.35,DropboxGuest,00:0b:86:74:97:91,-70
c8:aa:21:b0:53:c3,ft9,1330702583.35,DropboxGuest,00:0b:86:74:96:81,-71
c8:aa:21:b0:53:c3,ft9,1330702583.35,DropboxGuest,00:0b:86:74:9a:91,-72
c8:aa:21:b0:53:c3,ft9,1330702583.35,DropboxGuest,00:0b:86:74:95:a1,-91
c8:aa:21:b0:53:c3,ft9,1330702583.35,DropboxGuest,00:0b:86:74:99:b1,-93
c8:aa:21:b0:53:c3,ft9,1330702584.99,Dropbox,00:0b:86:74:9a:80,-63
c8:aa:21:b0:53:c3,ft9,1330702584.99,Dropbox,00:0b:86:74:97:60,-63
c8:aa:21:b0:53:c3,ft9,1330702584.99,Dropbox,00:0b:86:74:96:80,-68
c8:aa:21:b0:53:c3,ft9,1330702584.99,Dropbox,00:0b:86:74:9a:90,-70
c8:aa:21:b0:53:c3,ft9,1330702584.99,Dropbox,00:0b:86:74:97:90,-74
c8:aa:21:b0:53:c3,ft9,1330702584.99,Dropbox,00:0b:86:74:95:a0,-89
c8:aa:21:b0:53:c3,ft9,1330702584.99,Dropbox,00:0b:86:74:99:b0,-93
c8:aa:21:b0:53:c3,ft9,1330702584.99,DropboxGuest,00:0b:86:74:9a:81,-60
c8:aa:21:b0:53:c3,ft9,1330702584.99,DropboxGuest,00:0b:86:74:97:61,-64
c8:aa:21:b0:53:c3,ft9,1330702584.99,DropboxGuest,00:0b:86:74:96:81,-69
c8:aa:21:b0:53:c3,ft9,1330702584.99,DropboxGuest,00:0b:86:74:97:91,-70
c8:aa:21:b0:53:c3,ft9,1330702584.99,DropboxGuest,00:0b:86:74:9a:91,-72
c8:aa:21:b0:53:c3,ft9,1330702584.99,DropboxGuest,00:0b:86:74:95:a1,-91
c8:aa:21:b0:53:c3,ft9,1330702584.99,DropboxGuest,00:0b:86:74:99:b1,-93
c8:aa:21:b0:53:c3,ft9,1330702586.54,Dropbox,00:0b:86:74:9a:80,-60
c8:aa:21:b0:53:c3,ft9,1330702586.54,Dropbox,00:0b:86:74:97:60,-64
c8:aa:21:b0:53:c3,ft9,1330702586.54,Dropbox,00:0b:86:74:97:90,-69
c8:aa:21:b0:53:c3,ft9,1330702586.54,Dropbox,00:0b:86:74:9a:90,-70
c8:aa:21:b0:53:c3,ft9,1330702586.54,Dropbox,00:0b:86:74:96:80,-71
c8:aa:21:b0:53:c3,ft9,1330702586.54,Dropbox,00:0b:86:74:95:a0,-89
c8:aa:21:b0:53:c3,ft9,1330702586.54,DropboxGuest,00:0b:86:74:97:61,-63
c8:aa:21:b0:53:c3,ft9,1330702586.54,DropboxGuest,00:0b:86:74:9a:81,-63
c8:aa:21:b0:53:c3,ft9,1330702586.54,DropboxGuest,00:0b:86:74:97:91,-70
c8:aa:21:b0:53:c3,ft9,1330702586.54,DropboxGuest,00:0b:86:74:9a:91,-70
c8:aa:21:b0:53:c3,ft9,1330702586.54,DropboxGuest,00:0b:86:74:96:81,-72
c8:aa:21:b0:53:c3,ft9,1330702586.54,DropboxGuest,00:0b:86:74:95:a1,-91
c8:aa:21:b0:53:c3,ft9,1330702586.54,DropboxGuest,00:0b:86:74:99:b1,-93
c8:aa:21:b0:53:c3,ft9,1330702588.2,Dropbox,00:0b:86:74:9a:80,-59
c8:aa:21:b0:53:c3,ft9,1330702588.2,Dropbox,00:0b:86:74:97:60,-65
c8:aa:21:b0:53:c3,ft9,1330702588.2,Dropbox,00:0b:86:74:9a:90,-70
c8:aa:21:b0:53:c3,ft9,1330702588.2,Dropbox,00:0b:86:74:96:80,-71
c8:aa:21:b0:53:c3,ft9,1330702588.2,Dropbox,00:0b:86:74:97:90,-71
c8:aa:21:b0:53:c3,ft9,1330702588.2,Dropbox,00:0b:86:74:99:b0,-89
c8:aa:21:b0:53:c3,ft9,1330702588.2,DropboxGuest,00:0b:86:74:9a:81,-61
c8:aa:21:b0:53:c3,ft9,1330702588.2,DropboxGuest,00:0b:86:74:97:61,-63
c8:aa:21:b0:53:c3,ft9,1330702588.2,DropboxGuest,00:0b:86:74:96:81,-69
c8:aa:21:b0:53:c3,ft9,1330702588.2,DropboxGuest,00:0b:86:74:9a:91,-71
c8:aa:21:b0:53:c3,ft9,1330702588.2,DropboxGuest,00:0b:86:74:97:91,-75
c8:aa:21:b0:53:c3,ft9,1330702588.2,DropboxGuest,00:0b:86:74:95:a1,-92
c8:aa:21:b0:53:c3,ft9,1330702588.2,DropboxGuest,00:0b:86:74:99:b1,-95
c8:aa:21:b0:53:c3,ft9,1330702589.74,Dropbox,00:0b:86:74:9a:80,-60
c8:aa:21:b0:53:c3,ft9,1330702589.74,Dropbox,00:0b:86:74:97:60,-63
c8:aa:21:b0:53:c3,ft9,1330702589.74,Dropbox,00:0b:86:74:96:80,-70
c8:aa:21:b0:53:c3,ft9,1330702589.74,Dropbox,00:0b:86:74:97:90,-71
c8:aa:21:b0:53:c3,ft9,1330702589.74,Dropbox,00:0b:86:74:9a:90,-73
c8:aa:21:b0:53:c3,ft9,1330702589.74,Dropbox,00:0b:86:74:99:b0,-89
c8:aa:21:b0:53:c3,ft9,1330702589.74,DropboxGuest,00:0b:86:74:9a:81,-61
c8:aa:21:b0:53:c3,ft9,1330702589.74,DropboxGuest,00:0b:86:74:97:61,-64
c8:aa:21:b0:53:c3,ft9,1330702589.74,DropboxGuest,00:0b:86:74:96:81,-68
c8:aa:21:b0:53:c3,ft9,1330702589.74,DropboxGuest,00:0b:86:74:97:91,-70
c8:aa:21:b0:53:c3,ft9,1330702589.74,DropboxGuest,00:0b:86:74:9a:91,-71
c8:aa:21:b0:53:c3,ft9,1330702589.74,DropboxGuest,00:0b:86:74:95:a1,-92
c8:aa:21:b0:53:c3,ft9,1330702589.74,DropboxGuest,00:0b:86:74:99:b1,-95
c8:aa:21:b0:53:c3,ft9,1330702589.74,DropboxGuest,00:0b:86:74:9a:21,-97
c8:aa:21:b0:53:c3,ft9,1330702591.39,Dropbox,00:0b:86:74:9a:80,-64
c8:aa:21:b0:53:c3,ft9,1330702591.39,Dropbox,00:0b:86:74:97:60,-64
c8:aa:21:b0:53:c3,ft9,1330702591.39,Dropbox,00:0b:86:74:97:90,-69
c8:aa:21:b0:53:c3,ft9,1330702591.39,Dropbox,00:0b:86:74:9a:90,-70
c8:aa:21:b0:53:c3,ft9,1330702591.39,Dropbox,00:0b:86:74:96:80,-71
c8:aa:21:b0:53:c3,ft9,1330702591.39,Dropbox,00:0b:86:74:99:b0,-96
c8:aa:21:b0:53:c3,ft9,1330702591.39,Dropbox,00:0b:86:74:9a:20,-97
c8:aa:21:b0:53:c3,ft9,1330702591.39,DropboxGuest,00:0b:86:74:9a:81,-61
c8:aa:21:b0:53:c3,ft9,1330702591.39,DropboxGuest,00:0b:86:74:97:61,-64
c8:aa:21:b0:53:c3,ft9,1330702591.39,DropboxGuest,00:0b:86:74:97:91,-69
c8:aa:21:b0:53:c3,ft9,1330702591.39,DropboxGuest,00:0b:86:74:96:81,-70
c8:aa:21:b0:53:c3,ft9,1330702591.39,DropboxGuest,00:0b:86:74:9a:91,-70
c8:aa:21:b0:53:c3,ft9,1330702591.39,DropboxGuest,00:0b:86:74:95:a1,-95
c8:aa:21:b0:53:c3,ft9,1330702591.39,DropboxGuest,00:0b:86:74:9a:21,-96
c8:aa:21:b0:53:c3,ft9,1330702591.39,DropboxGuest,00:0b:86:74:99:b1,-96
c8:aa:21:b0:53:c3,ft9,1330702593.04,Dropbox,00:0b:86:74:9a:80,-56
c8:aa:21:b0:53:c3,ft9,1330702593.04,Dropbox,00:0b:86:74:97:60,-65
c8:aa:21:b0:53:c3,ft9,1330702593.04,Dropbox,00:0b:86:74:96:80,-69
c8:aa:21:b0:53:c3,ft9,1330702593.04,Dropbox,00:0b:86:74:97:90,-70
c8:aa:21:b0:53:c3,ft9,1330702593.04,Dropbox,00:0b:86:74:9a:90,-71
c8:aa:21:b0:53:c3,ft9,1330702593.04,Dropbox,00:0b:86:74:99:b0,-96
c8:aa:21:b0:53:c3,ft9,1330702593.04,Dropbox,00:0b:86:74:9a:20,-97
c8:aa:21:b0:53:c3,ft9,1330702593.04,DropboxGuest,00:0b:86:74:9a:81,-61
c8:aa:21:b0:53:c3,ft9,1330702593.04,DropboxGuest,00:0b:86:74:97:61,-64
c8:aa:21:b0:53:c3,ft9,1330702593.04,DropboxGuest,00:0b:86:74:96:81,-71
c8:aa:21:b0:53:c3,ft9,1330702593.04,DropboxGuest,00:0b:86:74:9a:91,-71
c8:aa:21:b0:53:c3,ft9,1330702593.04,DropboxGuest,00:0b:86:74:97:91,-72
c8:aa:21:b0:53:c3,ft9,1330702593.04,DropboxGuest,00:0b:86:74:99:b1,-92
c8:aa:21:b0:53:c3,ft9,1330702593.04,DropboxGuest,00:0b:86:74:95:a1,-95
c8:aa:21:b0:53:c3,ft9,1330702593.04,DropboxGuest,00:0b:86:74:9a:21,-97
c8:aa:21:b0:53:c3,ft9,1330702594.61,Dropbox,00:0b:86:74:9a:80,-57
c8:aa:21:b0:53:c3,ft9,1330702594.61,Dropbox,00:0b:86:74:97:60,-63
c8:aa:21:b0:53:c3,ft9,1330702594.61,Dropbox,00:0b:86:74:96:80,-69
c8:aa:21:b0:53:c3,ft9,1330702594.61,Dropbox,00:0b:86:74:9a:90,-71
c8:aa:21:b0:53:c3,ft9,1330702594.61,Dropbox,00:0b:86:74:97:90,-73
c8:aa:21:b0:53:c3,ft9,1330702594.61,Dropbox,00:0b:86:74:95:a0,-87
c8:aa:21:b0:53:c3,ft9,1330702594.61,Dropbox,00:0b:86:74:99:b0,-96
c8:aa:21:b0:53:c3,ft9,1330702594.61,Dropbox,00:0b:86:74:9a:20,-97
c8:aa:21:b0:53:c3,ft9,1330702594.61,DropboxGuest,00:0b:86:74:9a:81,-60
c8:aa:21:b0:53:c3,ft9,1330702594.61,DropboxGuest,00:0b:86:74:97:61,-64
c8:aa:21:b0:53:c3,ft9,1330702594.61,DropboxGuest,00:0b:86:74:97:91,-69
c8:aa:21:b0:53:c3,ft9,1330702594.61,DropboxGuest,00:0b:86:74:96:81,-71
c8:aa:21:b0:53:c3,ft9,1330702594.61,DropboxGuest,00:0b:86:74:9a:91,-73
c8:aa:21:b0:53:c3,ft9,1330702594.61,DropboxGuest,00:0b:86:74:95:a1,-91
c8:aa:21:b0:53:c3,ft9,1330702594.61,DropboxGuest,00:0b:86:74:99:b1,-92
c8:aa:21:b0:53:c3,ft9,1330702594.61,DropboxGuest,00:0b:86:74:9a:21,-97
c8:aa:21:b0:53:c3,ft9,1330702596.31,Dropbox,00:0b:86:74:9a:80,-58
c8:aa:21:b0:53:c3,ft9,1330702596.31,Dropbox,00:0b:86:74:97:60,-64
c8:aa:21:b0:53:c3,ft9,1330702596.31,Dropbox,00:0b:86:74:96:80,-71
c8:aa:21:b0:53:c3,ft9,1330702596.31,Dropbox,00:0b:86:74:9a:90,-72
c8:aa:21:b0:53:c3,ft9,1330702596.31,Dropbox,00:0b:86:74:97:90,-73
c8:aa:21:b0:53:c3,ft9,1330702596.31,Dropbox,00:0b:86:74:95:a0,-87
c8:aa:21:b0:53:c3,ft9,1330702596.31,Dropbox,00:0b:86:74:99:b0,-93
c8:aa:21:b0:53:c3,ft9,1330702596.31,Dropbox,00:0b:86:74:9a:20,-97
c8:aa:21:b0:53:c3,ft9,1330702596.31,DropboxGuest,00:0b:86:74:9a:81,-59
c8:aa:21:b0:53:c3,ft9,1330702596.31,DropboxGuest,00:0b:86:74:97:61,-63
c8:aa:21:b0:53:c3,ft9,1330702596.31,DropboxGuest,00:0b:86:74:97:91,-69
c8:aa:21:b0:53:c3,ft9,1330702596.31,DropboxGuest,00:0b:86:74:96:81,-71
c8:aa:21:b0:53:c3,ft9,1330702596.31,DropboxGuest,00:0b:86:74:9a:91,-71
c8:aa:21:b0:53:c3,ft9,1330702596.31,DropboxGuest,00:0b:86:74:95:a1,-91
c8:aa:21:b0:53:c3,ft9,1330702596.31,DropboxGuest,00:0b:86:74:99:b1,-93
c8:aa:21:b0:53:c3,ft9,1330702596.31,DropboxGuest,00:0b:86:74:9a:21,-97
c8:aa:21:b0:53:c3,ft9,1330702597.93,Dropbox,00:0b:86:74:9a:80,-59
c8:aa:21:b0:53:c3,ft9,1330702597.93,Dropbox,00:0b:86:74:97:60,-64
c8:aa:21:b0:53:c3,ft9,1330702597.93,Dropbox,00:0b:86:74:96:80,-69
c8:aa:21:b0:53:c3,ft9,1330702597.93,Dropbox,00:0b:86:74:9a:90,-70
c8:aa:21:b0:53:c3,ft9,1330702597.93,Dropbox,00:0b:86:74:97:90,-71
c8:aa:21:b0:53:c3,ft9,1330702597.93,Dropbox,00:0b:86:74:95:a0,-85
c8:aa:21:b0:53:c3,ft9,1330702597.93,Dropbox,00:0b:86:74:99:b0,-93
c8:aa:21:b0:53:c3,ft9,1330702597.93,DropboxGuest,00:0b:86:74:9a:81,-61
c8:aa:21:b0:53:c3,ft9,1330702597.93,DropboxGuest,00:0b:86:74:97:61,-64
c8:aa:21:b0:53:c3,ft9,1330702597.93,DropboxGuest,00:0b:86:74:96:81,-69
c8:aa:21:b0:53:c3,ft9,1330702597.93,DropboxGuest,00:0b:86:74:97:91,-70
c8:aa:21:b0:53:c3,ft9,1330702597.93,DropboxGuest,00:0b:86:74:9a:91,-73
c8:aa:21:b0:53:c3,ft9,1330702597.93,DropboxGuest,00:0b:86:74:99:b1,-88
c8:aa:21:b0:53:c3,ft9,1330702597.93,DropboxGuest,00:0b:86:74:95:a1,-95
c8:aa:21:b0:53:c3,ft9,1330702597.93,DropboxGuest,00:0b:86:74:9a:21,-97
c8:aa:21:b0:53:c3,ft9,1330702599.49,Dropbox,00:0b:86:74:9a:80,-59
c8:aa:21:b0:53:c3,ft9,1330702599.49,Dropbox,00:0b:86:74:97:60,-63
c8:aa:21:b0:53:c3,ft9,1330702599.49,Dropbox,00:0b:86:74:9a:90,-70
c8:aa:21:b0:53:c3,ft9,1330702599.49,Dropbox,00:0b:86:74:96:80,-72
c8:aa:21:b0:53:c3,ft9,1330702599.49,Dropbox,00:0b:86:74:97:90,-76
c8:aa:21:b0:53:c3,ft9,1330702599.49,Dropbox,00:0b:86:74:9a:20,-89
c8:aa:21:b0:53:c3,ft9,1330702599.49,Dropbox,00:0b:86:74:95:a0,-89
c8:aa:21:b0:53:c3,ft9,1330702599.49,Dropbox,00:0b:86:74:99:b0,-97
c8:aa:21:b0:53:c3,ft9,1330702599.49,DropboxGuest,00:0b:86:74:9a:81,-59
c8:aa:21:b0:53:c3,ft9,1330702599.49,DropboxGuest,00:0b:86:74:97:61,-64
c8:aa:21:b0:53:c3,ft9,1330702599.49,DropboxGuest,00:0b:86:74:9a:91,-71
c8:aa:21:b0:53:c3,ft9,1330702599.49,DropboxGuest,00:0b:86:74:96:81,-72
c8:aa:21:b0:53:c3,ft9,1330702599.49,DropboxGuest,00:0b:86:74:97:91,-74
c8:aa:21:b0:53:c3,ft9,1330702599.49,DropboxGuest,00:0b:86:74:95:a1,-91
c8:aa:21:b0:53:c3,ft9,1330702599.49,DropboxGuest,00:0b:86:74:99:b1,-97
c8:aa:21:b0:53:c3,ft9,1330702601.12,Dropbox,00:0b:86:74:9a:80,-61
c8:aa:21:b0:53:c3,ft9,1330702601.12,Dropbox,00:0b:86:74:97:60,-63
c8:aa:21:b0:53:c3,ft9,1330702601.12,Dropbox,00:0b:86:74:97:90,-69
c8:aa:21:b0:53:c3,ft9,1330702601.12,Dropbox,00:0b:86:74:9a:90,-70
c8:aa:21:b0:53:c3,ft9,1330702601.12,Dropbox,00:0b:86:74:96:80,-71
c8:aa:21:b0:53:c3,ft9,1330702601.12,Dropbox,00:0b:86:74:9a:20,-89
c8:aa:21:b0:53:c3,ft9,1330702601.12,Dropbox,00:0b:86:74:95:a0,-91
c8:aa:21:b0:53:c3,ft9,1330702601.12,Dropbox,00:0b:86:74:99:b0,-92
c8:aa:21:b0:53:c3,ft9,1330702601.12,DropboxGuest,00:0b:86:74:9a:81,-56
c8:aa:21:b0:53:c3,ft9,1330702601.12,DropboxGuest,00:0b:86:74:97:61,-63
c8:aa:21:b0:53:c3,ft9,1330702601.12,DropboxGuest,00:0b:86:74:97:91,-69
c8:aa:21:b0:53:c3,ft9,1330702601.12,DropboxGuest,00:0b:86:74:96:81,-69
c8:aa:21:b0:53:c3,ft9,1330702601.12,DropboxGuest,00:0b:86:74:9a:91,-71
c8:aa:21:b0:53:c3,ft9,1330702601.12,DropboxGuest,00:0b:86:74:95:a1,-93
c8:aa:21:b0:53:c3,ft9,1330702601.12,DropboxGuest,00:0b:86:74:99:b1,-96
c8:aa:21:b0:53:c3,ft9,1330702602.72,Dropbox,00:0b:86:74:9a:80,-59
c8:aa:21:b0:53:c3,ft9,1330702602.72,Dropbox,00:0b:86:74:97:60,-63
c8:aa:21:b0:53:c3,ft9,1330702602.72,Dropbox,00:0b:86:74:97:90,-69
c8:aa:21:b0:53:c3,ft9,1330702602.72,Dropbox,00:0b:86:74:9a:90,-70
c8:aa:21:b0:53:c3,ft9,1330702602.72,Dropbox,00:0b:86:74:96:80,-85
c8:aa:21:b0:53:c3,ft9,1330702602.72,Dropbox,00:0b:86:74:9a:20,-89
c8:aa:21:b0:53:c3,ft9,1330702602.72,Dropbox,00:0b:86:74:95:a0,-91
c8:aa:21:b0:53:c3,ft9,1330702602.72,Dropbox,00:0b:86:74:99:b0,-92
c8:aa:21:b0:53:c3,ft9,1330702602.72,DropboxGuest,00:0b:86:74:9a:81,-55
c8:aa:21:b0:53:c3,ft9,1330702602.72,DropboxGuest,00:0b:86:74:97:61,-64
c8:aa:21:b0:53:c3,ft9,1330702602.72,DropboxGuest,00:0b:86:74:96:81,-70
c8:aa:21:b0:53:c3,ft9,1330702602.72,DropboxGuest,00:0b:86:74:9a:91,-71
c8:aa:21:b0:53:c3,ft9,1330702602.72,DropboxGuest,00:0b:86:74:97:91,-72
c8:aa:21:b0:53:c3,ft9,1330702602.72,DropboxGuest,00:0b:86:74:95:a1,-93
c8:aa:21:b0:53:c3,ft9,1330702602.72,DropboxGuest,00:0b:86:74:99:b1,-96
c8:aa:21:b0:53:c3,ft9,1330702604.38,Dropbox,00:0b:86:74:9a:80,-59
c8:aa:21:b0:53:c3,ft9,1330702604.38,Dropbox,00:0b:86:74:97:60,-64
c8:aa:21:b0:53:c3,ft9,1330702604.38,Dropbox,00:0b:86:74:96:80,-68
c8:aa:21:b0:53:c3,ft9,1330702604.38,Dropbox,00:0b:86:74:9a:90,-71
c8:aa:21:b0:53:c3,ft9,1330702604.38,Dropbox,00:0b:86:74:97:90,-74
c8:aa:21:b0:53:c3,ft9,1330702604.38,Dropbox,00:0b:86:74:9a:20,-89
c8:aa:21:b0:53:c3,ft9,1330702604.38,Dropbox,00:0b:86:74:95:a0,-91
c8:aa:21:b0:53:c3,ft9,1330702604.38,Dropbox,00:0b:86:74:99:b0,-93
c8:aa:21:b0:53:c3,ft9,1330702604.38,DropboxGuest,00:0b:86:74:9a:81,-59
c8:aa:21:b0:53:c3,ft9,1330702604.38,DropboxGuest,00:0b:86:74:97:61,-63
c8:aa:21:b0:53:c3,ft9,1330702604.38,DropboxGuest,00:0b:86:74:96:81,-70
c8:aa:21:b0:53:c3,ft9,1330702604.38,DropboxGuest,00:0b:86:74:9a:91,-71
c8:aa:21:b0:53:c3,ft9,1330702604.38,DropboxGuest,00:0b:86:74:97:91,-71
c8:aa:21:b0:53:c3,ft9,1330702604.38,DropboxGuest,00:0b:86:74:95:a1,-91
c8:aa:21:b0:53:c3,ft9,1330702604.38,DropboxGuest,00:0b:86:74:99:b1,-96
c8:aa:21:b0:53:c3,ft9,1330702606.03,Dropbox,00:0b:86:74:9a:80,-59
c8:aa:21:b0:53:c3,ft9,1330702606.03,Dropbox,00:0b:86:74:97:60,-63
c8:aa:21:b0:53:c3,ft9,1330702606.03,Dropbox,00:0b:86:74:96:80,-70
c8:aa:21:b0:53:c3,ft9,1330702606.03,Dropbox,00:0b:86:74:97:90,-71
c8:aa:21:b0:53:c3,ft9,1330702606.03,Dropbox,00:0b:86:74:9a:90,-71
c8:aa:21:b0:53:c3,ft9,1330702606.03,Dropbox,00:0b:86:74:95:a0,-91
c8:aa:21:b0:53:c3,ft9,1330702606.03,Dropbox,00:0b:86:74:99:b0,-93
c8:aa:21:b0:53:c3,ft9,1330702606.03,DropboxGuest,00:0b:86:74:9a:81,-57
c8:aa:21:b0:53:c3,ft9,1330702606.03,DropboxGuest,00:0b:86:74:97:61,-64
c8:aa:21:b0:53:c3,ft9,1330702606.03,DropboxGuest,00:0b:86:74:96:81,-69
c8:aa:21:b0:53:c3,ft9,1330702606.03,DropboxGuest,00:0b:86:74:97:91,-71
c8:aa:21:b0:53:c3,ft9,1330702606.03,DropboxGuest,00:0b:86:74:9a:91,-72
c8:aa:21:b0:53:c3,ft9,1330702606.03,DropboxGuest,00:0b:86:74:95:a1,-85
c8:aa:21:b0:53:c3,ft9,1330702606.03,DropboxGuest,00:0b:86:74:99:b1,-96
c8:aa:21:b0:53:c3,ft9,1330702607.55,Dropbox,00:0b:86:74:9a:80,-61
c8:aa:21:b0:53:c3,ft9,1330702607.55,Dropbox,00:0b:86:74:97:60,-63
c8:aa:21:b0:53:c3,ft9,1330702607.55,Dropbox,00:0b:86:74:96:80,-68
c8:aa:21:b0:53:c3,ft9,1330702607.55,Dropbox,00:0b:86:74:97:90,-71
c8:aa:21:b0:53:c3,ft9,1330702607.55,Dropbox,00:0b:86:74:9a:90,-71
c8:aa:21:b0:53:c3,ft9,1330702607.55,Dropbox,00:0b:86:74:95:a0,-93
c8:aa:21:b0:53:c3,ft9,1330702607.55,Dropbox,00:0b:86:74:99:b0,-96
c8:aa:21:b0:53:c3,ft9,1330702607.55,Dropbox,00:0b:86:74:9a:20,-97
c8:aa:21:b0:53:c3,ft9,1330702607.55,DropboxGuest,00:0b:86:74:9a:81,-57
c8:aa:21:b0:53:c3,ft9,1330702607.55,DropboxGuest,00:0b:86:74:97:61,-64
c8:aa:21:b0:53:c3,ft9,1330702607.55,DropboxGuest,00:0b:86:74:96:81,-69
c8:aa:21:b0:53:c3,ft9,1330702607.55,DropboxGuest,00:0b:86:74:9a:91,-73
c8:aa:21:b0:53:c3,ft9,1330702607.55,DropboxGuest,00:0b:86:74:97:91,-74
c8:aa:21:b0:53:c3,ft9,1330702607.55,DropboxGuest,00:0b:86:74:95:a1,-85
c8:aa:21:b0:53:c3,ft9,1330702607.55,DropboxGuest,00:0b:86:74:99:b1,-96
c8:aa:21:b0:53:c3,ft9,1330702609.13,Dropbox,00:0b:86:74:9a:80,-59
c8:aa:21:b0:53:c3,ft9,1330702609.13,Dropbox,00:0b:86:74:97:60,-63
c8:aa:21:b0:53:c3,ft9,1330702609.13,Dropbox,00:0b:86:74:96:80,-71
c8:aa:21:b0:53:c3,ft9,1330702609.13,Dropbox,00:0b:86:74:9a:90,-72
c8:aa:21:b0:53:c3,ft9,1330702609.13,Dropbox,00:0b:86:74:97:90,-74
c8:aa:21:b0:53:c3,ft9,1330702609.13,Dropbox,00:0b:86:74:95:a0,-95
c8:aa:21:b0:53:c3,ft9,1330702609.13,Dropbox,00:0b:86:74:99:b0,-96
c8:aa:21:b0:53:c3,ft9,1330702609.13,Dropbox,00:0b:86:74:9a:20,-97
c8:aa:21:b0:53:c3,ft9,1330702609.13,DropboxGuest,00:0b:86:74:9a:81,-61
c8:aa:21:b0:53:c3,ft9,1330702609.13,DropboxGuest,00:0b:86:74:97:61,-63
c8:aa:21:b0:53:c3,ft9,1330702609.13,DropboxGuest,00:0b:86:74:96:81,-69
c8:aa:21:b0:53:c3,ft9,1330702609.13,DropboxGuest,00:0b:86:74:97:91,-69
c8:aa:21:b0:53:c3,ft9,1330702609.13,DropboxGuest,00:0b:86:74:9a:91,-72
c8:aa:21:b0:53:c3,ft9,1330702609.13,DropboxGuest,00:0b:86:74:95:a1,-85
c8:aa:21:b0:53:c3,ft9,1330702609.13,DropboxGuest,00:0b:86:74:99:b1,-96
c8:aa:21:b0:53:c3,ft9,1330702646.65,Dropbox,00:0b:86:74:97:60,-46
c8:aa:21:b0:53:c3,ft9,1330702646.65,Dropbox,00:0b:86:74:9a:80,-64
c8:aa:21:b0:53:c3,ft9,1330702646.65,Dropbox,00:0b:86:74:97:90,-74
c8:aa:21:b0:53:c3,ft9,1330702646.65,Dropbox,00:0b:86:74:96:80,-76
c8:aa:21:b0:53:c3,ft9,1330702646.65,Dropbox,00:0b:86:74:9a:90,-76
c8:aa:21:b0:53:c3,ft9,1330702646.65,Dropbox,00:0b:86:74:99:b0,-85
c8:aa:21:b0:53:c3,ft9,1330702646.65,Dropbox,00:0b:86:74:95:a0,-88
c8:aa:21:b0:53:c3,ft9,1330702646.65,Dropbox,00:0b:86:74:9a:20,-97
c8:aa:21:b0:53:c3,ft9,1330702646.65,DropboxGuest,00:0b:86:74:97:61,-45
c8:aa:21:b0:53:c3,ft9,1330702646.65,DropboxGuest,00:0b:86:74:9a:81,-65
c8:aa:21:b0:53:c3,ft9,1330702646.65,DropboxGuest,00:0b:86:74:9a:91,-71
c8:aa:21:b0:53:c3,ft9,1330702646.65,DropboxGuest,00:0b:86:74:96:81,-76
c8:aa:21:b0:53:c3,ft9,1330702646.65,DropboxGuest,00:0b:86:74:97:91,-85
c8:aa:21:b0:53:c3,ft9,1330702646.65,DropboxGuest,00:0b:86:74:95:a1,-89
c8:aa:21:b0:53:c3,ft9,1330702646.65,DropboxGuest,00:0b:86:74:99:b1,-93
c8:aa:21:b0:53:c3,ft9,1330702646.65,DropboxGuest,00:0b:86:74:90:f1,-97
c8:aa:21:b0:53:c3,ft9,1330702648.52,Dropbox,00:0b:86:74:97:60,-46
c8:aa:21:b0:53:c3,ft9,1330702648.52,Dropbox,00:0b:86:74:9a:80,-64
c8:aa:21:b0:53:c3,ft9,1330702648.52,Dropbox,00:0b:86:74:97:90,-74
c8:aa:21:b0:53:c3,ft9,1330702648.52,Dropbox,00:0b:86:74:9a:90,-76
c8:aa:21:b0:53:c3,ft9,1330702648.52,Dropbox,00:0b:86:74:96:80,-77
c8:aa:21:b0:53:c3,ft9,1330702648.52,Dropbox,00:0b:86:74:95:a0,-88
c8:aa:21:b0:53:c3,ft9,1330702648.52,Dropbox,00:0b:86:74:99:b0,-91
c8:aa:21:b0:53:c3,ft9,1330702648.52,DropboxGuest,00:0b:86:74:97:61,-48
c8:aa:21:b0:53:c3,ft9,1330702648.52,DropboxGuest,00:0b:86:74:9a:81,-65
c8:aa:21:b0:53:c3,ft9,1330702648.52,DropboxGuest,00:0b:86:74:9a:91,-74
c8:aa:21:b0:53:c3,ft9,1330702648.52,DropboxGuest,00:0b:86:74:96:81,-75
c8:aa:21:b0:53:c3,ft9,1330702648.52,DropboxGuest,00:0b:86:74:97:91,-85
c8:aa:21:b0:53:c3,ft9,1330702648.52,DropboxGuest,00:0b:86:74:95:a1,-89
c8:aa:21:b0:53:c3,ft9,1330702648.52,DropboxGuest,00:0b:86:74:99:b1,-89
c8:aa:21:b0:53:c3,ft9,1330702648.52,DropboxGuest,00:0b:86:74:95:e1,-96
c8:aa:21:b0:53:c3,ft9,1330702648.52,DropboxGuest,00:0b:86:74:90:f1,-97
c8:aa:21:b0:53:c3,ft9,1330702650.09,Dropbox,00:0b:86:74:97:60,-46
c8:aa:21:b0:53:c3,ft9,1330702650.09,Dropbox,00:0b:86:74:9a:80,-63
c8:aa:21:b0:53:c3,ft9,1330702650.09,Dropbox,00:0b:86:74:9a:90,-72
c8:aa:21:b0:53:c3,ft9,1330702650.09,Dropbox,00:0b:86:74:97:90,-74
c8:aa:21:b0:53:c3,ft9,1330702650.09,Dropbox,00:0b:86:74:96:80,-79
c8:aa:21:b0:53:c3,ft9,1330702650.09,Dropbox,00:0b:86:74:99:b0,-85
c8:aa:21:b0:53:c3,ft9,1330702650.09,Dropbox,00:0b:86:74:95:a0,-96
c8:aa:21:b0:53:c3,ft9,1330702650.09,DropboxGuest,00:0b:86:74:97:61,-48
c8:aa:21:b0:53:c3,ft9,1330702650.09,DropboxGuest,00:0b:86:74:9a:81,-65
c8:aa:21:b0:53:c3,ft9,1330702650.09,DropboxGuest,00:0b:86:74:9a:91,-76
c8:aa:21:b0:53:c3,ft9,1330702650.09,DropboxGuest,00:0b:86:74:96:81,-79
c8:aa:21:b0:53:c3,ft9,1330702650.09,DropboxGuest,00:0b:86:74:97:91,-85
c8:aa:21:b0:53:c3,ft9,1330702650.09,DropboxGuest,00:0b:86:74:99:b1,-87
c8:aa:21:b0:53:c3,ft9,1330702650.09,DropboxGuest,00:0b:86:74:95:e1,-96
c8:aa:21:b0:53:c3,ft9,1330702650.09,DropboxGuest,00:0b:86:74:95:a1,-97
c8:aa:21:b0:53:c3,ft9,1330702650.09,DropboxGuest,00:0b:86:74:90:f1,-97
c8:aa:21:b0:53:c3,ft9,1330702651.68,Dropbox,00:0b:86:74:97:60,-49
c8:aa:21:b0:53:c3,ft9,1330702651.68,Dropbox,00:0b:86:74:9a:80,-64
c8:aa:21:b0:53:c3,ft9,1330702651.68,Dropbox,00:0b:86:74:9a:90,-71
c8:aa:21:b0:53:c3,ft9,1330702651.68,Dropbox,00:0b:86:74:96:80,-76
c8:aa:21:b0:53:c3,ft9,1330702651.68,Dropbox,00:0b:86:74:97:90,-85
c8:aa:21:b0:53:c3,ft9,1330702651.68,Dropbox,00:0b:86:74:99:b0,-88
c8:aa:21:b0:53:c3,ft9,1330702651.68,Dropbox,00:0b:86:74:95:a0,-96
c8:aa:21:b0:53:c3,ft9,1330702651.68,DropboxGuest,00:0b:86:74:97:61,-49
c8:aa:21:b0:53:c3,ft9,1330702651.68,DropboxGuest,00:0b:86:74:9a:81,-64
c8:aa:21:b0:53:c3,ft9,1330702651.68,DropboxGuest,00:0b:86:74:9a:91,-71
c8:aa:21:b0:53:c3,ft9,1330702651.68,DropboxGuest,00:0b:86:74:96:81,-76
c8:aa:21:b0:53:c3,ft9,1330702651.68,DropboxGuest,00:0b:86:74:99:b1,-84
c8:aa:21:b0:53:c3,ft9,1330702651.68,DropboxGuest,00:0b:86:74:97:91,-84
c8:aa:21:b0:53:c3,ft9,1330702651.68,DropboxGuest,00:0b:86:74:95:a1,-97
c8:aa:21:b0:53:c3,ft9,1330702651.68,DropboxGuest,00:0b:86:74:95:e1,-97
c8:aa:21:b0:53:c3,ft9,1330702651.68,DropboxGuest,00:0b:86:74:90:f1,-97
c8:aa:21:b0:53:c3,ft9,1330702653.46,Dropbox,00:0b:86:74:97:60,-47
c8:aa:21:b0:53:c3,ft9,1330702653.46,Dropbox,00:0b:86:74:9a:80,-60
c8:aa:21:b0:53:c3,ft9,1330702653.46,Dropbox,00:0b:86:74:9a:90,-67
c8:aa:21:b0:53:c3,ft9,1330702653.46,Dropbox,00:0b:86:74:97:90,-81
c8:aa:21:b0:53:c3,ft9,1330702653.46,Dropbox,00:0b:86:74:96:80,-82
c8:aa:21:b0:53:c3,ft9,1330702653.46,Dropbox,00:0b:86:74:99:b0,-87
c8:aa:21:b0:53:c3,ft9,1330702653.46,Dropbox,00:0b:86:74:95:a0,-96
c8:aa:21:b0:53:c3,ft9,1330702653.46,DropboxGuest,00:0b:86:74:97:61,-49
c8:aa:21:b0:53:c3,ft9,1330702653.46,DropboxGuest,00:0b:86:74:9a:81,-57
c8:aa:21:b0:53:c3,ft9,1330702653.46,DropboxGuest,00:0b:86:74:9a:91,-70
c8:aa:21:b0:53:c3,ft9,1330702653.46,DropboxGuest,00:0b:86:74:96:81,-79
c8:aa:21:b0:53:c3,ft9,1330702653.46,DropboxGuest,00:0b:86:74:97:91,-82
c8:aa:21:b0:53:c3,ft9,1330702653.46,DropboxGuest,00:0b:86:74:99:b1,-88
c8:aa:21:b0:53:c3,ft9,1330702653.46,DropboxGuest,00:0b:86:74:95:a1,-97
c8:aa:21:b0:53:c3,ft9,1330702653.46,DropboxGuest,00:0b:86:74:95:e1,-97
